<?xml version="1.0" encoding="UTF-8"?>
<databaseChangeLog
        xmlns="http://www.liquibase.org/xml/ns/dbchangelog"
        xmlns:xsi="http://www.w3.org/2001/XMLSchema-instance"
        xsi:schemaLocation="http://www.liquibase.org/xml/ns/dbchangelog
      http://www.liquibase.org/xml/ns/dbchangelog/dbchangelog-4.1.xsd">

    <changeSet id="createNewsTable" author="skillbox">
        <createTable tableName="news">
            <column name="id" type="serial">
                <constraints primaryKey="true"/>
            </column>
            <column name="title" type="varchar(255)"/>
            <column name="text" type="varchar(255)"/>
            <column name="date" type="timestamp"/>
            <column name="category_id" type="integer">
                <constraints nullable="false"/>
            </column>
        </createTable>
    </changeSet>

    <changeSet id="createCategoryTable" author="skillbox">
        <createTable tableName="category">
            <column name="id" type="serial">
                <constraints primaryKey="true"/>
            </column>
            <column name="title" type="varchar(255)"/>
        </createTable>
    </changeSet>


</databaseChangeLog>